system,op,n,p50,p90,p99,p99.9,mean,max
etcd,create,2629,6.152,8.713200000000002,12.936519999999998,41.14738000000363,6.603077215671357,92.136
etcd,delete,2617,7.222,10.296400000000002,14.234600000000013,62.41745600001145,7.749589606419565,130.529
REtcd,create,2588,5.664,8.074900000000001,10.539560000000002,16.823167000002634,5.931789412673879,24.78
REtcd,delete,2597,7.878,10.449600000000004,13.338359999999998,23.528388000005027,8.074585290720062,32.129
